,総合物価上昇率(年率),完全失業率（％）男女計,date,year
1972-01-01,1.0403726708074532,0.0,1972-01-01,1972
1972-02-01,1.046583850931677,0.0,1972-02-01,1972
1972-03-01,1.0526315789473686,0.0,1972-03-01,1972
1972-04-01,1.0519877675840976,0.0,1972-04-01,1972
1972-05-01,1.051829268292683,0.0,1972-05-01,1972
1972-06-01,1.0486322188449848,0.0,1972-06-01,1972
1972-07-01,1.0486322188449848,1.3,1972-07-01,1972
1972-08-01,1.0577507598784195,1.3,1972-08-01,1972
1972-09-01,1.0385756676557862,1.5,1972-09-01,1972
1972-10-01,1.0414201183431955,1.2,1972-10-01,1972
1972-11-01,1.0477611940298508,1.2,1972-11-01,1972
1972-12-01,1.0567164179104478,1.3,1972-12-01,1972
1973-01-01,1.0656716417910448,1.5,1973-01-01,1973
1973-02-01,1.0682492581602372,1.5,1973-02-01,1973
1973-03-01,1.0852941176470587,1.6,1973-03-01,1973
1973-04-01,1.0930232558139537,1.4,1973-04-01,1973
1973-05-01,1.1072463768115943,1.3,1973-05-01,1973
1973-06-01,1.1101449275362318,1.3,1973-06-01,1973
1973-07-01,1.118840579710145,1.2,1973-07-01,1973
1973-08-01,1.117816091954023,1.1,1973-08-01,1973
1973-09-01,1.1428571428571428,1.2,1973-09-01,1973
1973-10-01,1.1420454545454546,1.0,1973-10-01,1973
1973-11-01,1.1538461538461537,1.0,1973-11-01,1973
1973-12-01,1.1807909604519773,1.1,1973-12-01,1973
1974-01-01,1.2212885154061623,1.4,1974-01-01,1974
1974-02-01,1.25,1.6,1974-02-01,1974
1974-03-01,1.2276422764227641,1.7,1974-03-01,1974
1974-04-01,1.2340425531914894,1.3,1974-04-01,1974
1974-05-01,1.219895287958115,1.2,1974-05-01,1974
1974-06-01,1.2245430809399478,1.2,1974-06-01,1974
1974-07-01,1.238341968911917,1.1,1974-07-01,1974
1974-08-01,1.2416452442159382,1.4,1974-08-01,1974
1974-09-01,1.225,1.3,1974-09-01,1974
1974-10-01,1.2462686567164178,1.4,1974-10-01,1974
1974-11-01,1.2469135802469136,1.3,1974-11-01,1974
1974-12-01,1.210526315789474,1.6,1974-12-01,1974
1975-01-01,1.1743119266055047,2.0,1975-01-01,1975
1975-02-01,1.14,2.1,1975-02-01,1975
1975-03-01,1.141280353200883,2.2,1975-03-01,1975
1975-04-01,1.1336206896551724,1.9,1975-04-01,1975
1975-05-01,1.1351931330472103,1.7,1975-05-01,1975
1975-06-01,1.1279317697228144,1.7,1975-06-01,1975
1975-07-01,1.1108786610878663,1.6,1975-07-01,1975
1975-08-01,1.0952380952380953,1.8,1975-08-01,1975
1975-09-01,1.1040816326530614,1.9,1975-09-01,1975
1975-10-01,1.0958083832335328,1.9,1975-10-01,1975
1975-11-01,1.0831683168316832,1.9,1975-11-01,1975
1975-12-01,1.0810276679841897,2.0,1975-12-01,1975
1976-01-01,1.087890625,2.4,1976-01-01,1976
1976-02-01,1.0935672514619883,2.4,1976-02-01,1976
1976-03-01,1.0889748549323017,2.4,1976-03-01,1976
1976-04-01,1.0950570342205324,2.1,1976-04-01,1976
1976-05-01,1.0926275992438563,2.0,1976-05-01,1976
1976-06-01,1.0945179584120983,1.9,1976-06-01,1976
1976-07-01,1.0979284369114877,1.8,1976-07-01,1976
1976-08-01,1.0945179584120983,1.9,1976-08-01,1976
1976-09-01,1.097966728280961,1.9,1976-09-01,1976
1976-10-01,1.0874316939890711,1.8,1976-10-01,1976
1976-11-01,1.0914076782449726,1.8,1976-11-01,1976
1976-12-01,1.1042047531992687,1.7,1976-12-01,1976
1977-01-01,1.0933572710951525,2.2,1977-01-01,1977
1977-02-01,1.0926916221033867,2.3,1977-02-01,1977
1977-03-01,1.094138543516874,2.4,1977-03-01,1977
1977-04-01,1.0868055555555556,1.9,1977-04-01,1977
1977-05-01,1.0934256055363323,2.0,1977-05-01,1977
1977-06-01,1.0880829015544042,2.0,1977-06-01,1977
1977-07-01,1.0771869639794167,1.9,1977-07-01,1977
1977-08-01,1.0863557858376511,1.9,1977-08-01,1977
1977-09-01,1.0757575757575757,1.9,1977-09-01,1977
1977-10-01,1.0770519262981573,1.8,1977-10-01,1977
1977-11-01,1.065326633165829,1.9,1977-11-01,1977
1977-12-01,1.0513245033112584,2.1,1977-12-01,1977
1978-01-01,1.045977011494253,2.4,1978-01-01,1978
1978-02-01,1.0456769983686787,2.5,1978-02-01,1978
1978-03-01,1.0487012987012987,2.6,1978-03-01,1978
1978-04-01,1.0431309904153354,2.2,1978-04-01,1978
1978-05-01,1.0395569620253164,2.2,1978-05-01,1978
1978-06-01,1.0380952380952382,2.2,1978-06-01,1978
1978-07-01,1.0445859872611465,2.1,1978-07-01,1978
1978-08-01,1.0461049284578696,2.2,1978-08-01,1978
1978-09-01,1.0406885758998434,2.2,1978-09-01,1978
1978-10-01,1.035769828926905,2.1,1978-10-01,1978
1978-11-01,1.0377358490566038,2.1,1978-11-01,1978
1978-12-01,1.0377952755905513,2.1,1978-12-01,1978
1979-01-01,1.0361067503924646,2.3,1979-01-01,1979
1979-02-01,1.0265210608424338,2.2,1979-02-01,1979
1979-03-01,1.0278637770897834,2.5,1979-03-01,1979
1979-04-01,1.0290964777947933,2.2,1979-04-01,1979
1979-05-01,1.0319634703196345,2.0,1979-05-01,1979
1979-06-01,1.0382262996941896,1.9,1979-06-01,1979
1979-07-01,1.0442073170731707,2.0,1979-07-01,1979
1979-08-01,1.0303951367781155,2.1,1979-08-01,1979
1979-09-01,1.0330827067669173,1.9,1979-09-01,1979
1979-10-01,1.0435435435435436,2.0,1979-10-01,1979
1979-11-01,1.0484848484848486,2.0,1979-11-01,1979
1979-12-01,1.0576631259484066,1.9,1979-12-01,1979
1980-01-01,1.0651515151515152,2.1,1980-01-01,1980
1980-02-01,1.0775075987841947,2.0,1980-02-01,1980
1980-03-01,1.0737951807228914,2.2,1980-03-01,1980
1980-04-01,1.0803571428571428,2.1,1980-04-01,1980
1980-05-01,1.0796460176991152,1.9,1980-05-01,1980
1980-06-01,1.0824742268041236,1.8,1980-06-01,1980
1980-07-01,1.0744525547445254,1.9,1980-07-01,1980
1980-08-01,1.0825958702064897,2.0,1980-08-01,1980
1980-09-01,1.0858806404657932,1.9,1980-09-01,1980
1980-10-01,1.0762589928057553,2.0,1980-10-01,1980
1980-11-01,1.0823699421965318,2.1,1980-11-01,1980
1980-12-01,1.0717360114777619,2.1,1980-12-01,1980
1981-01-01,1.073968705547653,2.2,1981-01-01,1981
1981-02-01,1.0634696755994357,2.4,1981-02-01,1981
1981-03-01,1.0603085553997194,2.5,1981-03-01,1981
1981-04-01,1.0495867768595042,2.4,1981-04-01,1981
1981-05-01,1.0505464480874318,2.3,1981-05-01,1981
1981-06-01,1.0476190476190477,2.2,1981-06-01,1981
1981-07-01,1.0434782608695652,2.1,1981-07-01,1981
1981-08-01,1.042234332425068,2.0,1981-08-01,1981
1981-09-01,1.0402144772117963,2.1,1981-09-01,1981
1981-10-01,1.0414438502673797,2.1,1981-10-01,1981
1981-11-01,1.0387182910547395,2.1,1981-11-01,1981
1981-12-01,1.0428380187416333,2.1,1981-12-01,1981
1982-01-01,1.0317880794701988,2.3,1982-01-01,1982
1982-02-01,1.0318302387267904,2.4,1982-02-01,1982
1982-03-01,1.0304232804232807,2.6,1982-03-01,1982
1982-04-01,1.0301837270341208,2.5,1982-04-01,1982
1982-05-01,1.024707412223667,2.3,1982-05-01,1982
1982-06-01,1.0233766233766233,2.3,1982-06-01,1982
1982-07-01,1.01953125,2.3,1982-07-01,1982
1982-08-01,1.031372549019608,2.2,1982-08-01,1982
1982-09-01,1.032216494845361,2.3,1982-09-01,1982
1982-10-01,1.0308087291399228,2.4,1982-10-01,1982
1982-11-01,1.0231362467866323,2.3,1982-11-01,1982
1982-12-01,1.0205391527599486,2.3,1982-12-01,1982
1983-01-01,1.0218228498074453,2.8,1983-01-01,1983
1983-02-01,1.019280205655527,2.9,1983-02-01,1983
1983-03-01,1.0231065468549423,3.0,1983-03-01,1983
1983-04-01,1.0203821656050955,2.9,1983-04-01,1983
1983-05-01,1.0266497461928936,2.6,1983-05-01,1983
1983-06-01,1.0203045685279188,2.5,1983-06-01,1983
1983-07-01,1.0229885057471264,2.4,1983-07-01,1983
1983-08-01,1.0126742712294043,2.7,1983-08-01,1983
1983-09-01,1.0087390761548065,2.6,1983-09-01,1983
1983-10-01,1.0149439601494397,2.5,1983-10-01,1983
1983-11-01,1.0188442211055277,2.5,1983-11-01,1983
1983-12-01,1.0163522012578616,2.5,1983-12-01,1983
1984-01-01,1.0188442211055277,2.9,1984-01-01,1984
1984-02-01,1.0290037831021437,3.0,1984-02-01,1984
1984-03-01,1.0250941028858218,3.1,1984-03-01,1984
1984-04-01,1.0224719101123596,2.8,1984-04-01,1984
1984-05-01,1.0197775030902347,2.7,1984-05-01,1984
1984-06-01,1.0186567164179106,2.7,1984-06-01,1984
1984-07-01,1.024968789013733,2.6,1984-07-01,1984
1984-08-01,1.018773466833542,2.6,1984-08-01,1984
1984-09-01,1.0235148514851486,2.6,1984-09-01,1984
1984-10-01,1.0208588957055216,2.6,1984-10-01,1984
1984-11-01,1.0209617755856968,2.5,1984-11-01,1984
1984-12-01,1.0272277227722773,2.4,1984-12-01,1984
1985-01-01,1.025893958076449,2.6,1985-01-01,1985
1985-02-01,1.0159313725490198,2.8,1985-02-01,1985
1985-03-01,1.018359853121175,3.0,1985-03-01,1985
1985-04-01,1.0231990231990231,2.6,1985-04-01,1985
1985-05-01,1.016969696969697,2.5,1985-05-01,1985
1985-06-01,1.0244200244200243,2.5,1985-06-01,1985
1985-07-01,1.0243605359317904,2.4,1985-07-01,1985
1985-08-01,1.0307125307125307,2.5,1985-08-01,1985
1985-09-01,1.0157194679564692,2.6,1985-09-01,1985
1985-10-01,1.0192307692307692,2.6,1985-10-01,1985
1985-11-01,1.0157004830917875,2.7,1985-11-01,1985
1985-12-01,1.0144578313253012,2.6,1985-12-01,1985
1986-01-01,1.015625,2.8,1986-01-01,1986
1986-02-01,1.0180940892641737,2.8,1986-02-01,1986
1986-03-01,1.0132211538461537,3.1,1986-03-01,1986
1986-04-01,1.009546539379475,3.0,1986-04-01,1986
1986-05-01,1.0107270560190702,2.7,1986-05-01,1986
1986-06-01,1.0059594755661503,2.6,1986-06-01,1986
1986-07-01,1.0011890606420928,2.7,1986-07-01,1986
1986-08-01,1.00119189511323,2.8,1986-08-01,1986
1986-09-01,1.0047619047619047,2.7,1986-09-01,1986
1986-10-01,0.9964622641509434,2.6,1986-10-01,1986
1986-11-01,1.0,2.6,1986-11-01,1986
1986-12-01,0.996437054631829,2.7,1986-12-01,1986
1987-01-01,0.9893491124260354,3.1,1987-01-01,1987
1987-02-01,0.9905213270142179,3.2,1987-02-01,1987
1987-03-01,0.9952550415183868,3.2,1987-03-01,1987
1987-04-01,1.0011820330969268,3.1,1987-04-01,1987
1987-05-01,1.0,3.1,1987-05-01,1987
1987-06-01,1.0035545023696681,2.9,1987-06-01,1987
1987-07-01,1.001187648456057,2.6,1987-07-01,1987
1987-08-01,1.0035714285714286,2.7,1987-08-01,1987
1987-09-01,1.008293838862559,2.7,1987-09-01,1987
1987-10-01,1.0071005917159763,2.6,1987-10-01,1987
1987-11-01,1.0071343638525565,2.5,1987-11-01,1987
1987-12-01,1.0083432657926101,2.5,1987-12-01,1987
1988-01-01,1.0083732057416268,2.8,1988-01-01,1988
1988-02-01,1.0071770334928232,2.9,1988-02-01,1988
1988-03-01,1.0071513706793802,3.0,1988-03-01,1988
1988-04-01,1.0023612750885478,2.7,1988-04-01,1988
1988-05-01,1.0023584905660379,2.5,1988-05-01,1988
1988-06-01,1.0011806375442738,2.3,1988-06-01,1988
1988-07-01,1.0047449584816133,2.4,1988-07-01,1988
1988-08-01,1.0071174377224201,2.5,1988-08-01,1988
1988-09-01,1.0058754406580495,2.4,1988-09-01,1988
1988-10-01,1.010575793184489,2.4,1988-10-01,1988
1988-11-01,1.011806375442739,2.3,1988-11-01,1988
1988-12-01,1.009456264775414,2.2,1988-12-01,1988
1989-01-01,1.0118623962040332,2.4,1989-01-01,1989
1989-02-01,1.009501187648456,2.5,1989-02-01,1989
1989-03-01,1.0106508875739646,2.6,1989-03-01,1989
1989-04-01,1.0235571260306242,2.5,1989-04-01,1989
1989-05-01,1.0282352941176471,2.4,1989-05-01,1989
1989-06-01,1.0306603773584906,2.1,1989-06-01,1989
1989-07-01,1.0295159386068478,2.1,1989-07-01,1989
1989-08-01,1.0259128386336867,2.2,1989-08-01,1989
1989-09-01,1.0268691588785048,2.2,1989-09-01,1989
1989-10-01,1.0290697674418605,2.2,1989-10-01,1989
1989-11-01,1.0221703617269544,2.1,1989-11-01,1989
1989-12-01,1.0269320843091334,1.9,1989-12-01,1989
1990-01-01,1.032825322391559,2.3,1990-01-01,1990
1990-02-01,1.0376470588235294,2.3,1990-02-01,1990
1990-03-01,1.0362997658079625,2.2,1990-03-01,1990
1990-04-01,1.0276179516685844,2.2,1990-04-01,1990
1990-05-01,1.026315789473684,2.1,1990-05-01,1990
1990-06-01,1.022883295194508,2.0,1990-06-01,1990
1990-07-01,1.0229357798165137,2.0,1990-07-01,1990
1990-08-01,1.0275545350172217,2.0,1990-08-01,1990
1990-09-01,1.0261660978384528,2.1,1990-09-01,1990
1990-10-01,1.0305084745762711,2.2,1990-10-01,1990
1990-11-01,1.0399543378995433,2.0,1990-11-01,1990
1990-12-01,1.0376282782212087,1.9,1990-12-01,1990
1991-01-01,1.0397275822928491,2.1,1991-01-01,1991
1991-02-01,1.0351473922902494,2.2,1991-02-01,1991
1991-03-01,1.0372881355932204,2.4,1991-03-01,1991
1991-04-01,1.0335946248600223,2.2,1991-04-01,1991
1991-05-01,1.0345596432552953,2.1,1991-05-01,1991
1991-06-01,1.0335570469798658,2.0,1991-06-01,1991
1991-07-01,1.0347533632286996,2.0,1991-07-01,1991
1991-08-01,1.0335195530726258,2.1,1991-08-01,1991
1991-09-01,1.0277161862527717,2.1,1991-09-01,1991
1991-10-01,1.0274122807017543,2.0,1991-10-01,1991
1991-11-01,1.0296377607025247,2.0,1991-11-01,1991
1991-12-01,1.0263736263736265,2.0,1991-12-01,1991
1992-01-01,1.017467248908297,2.2,1992-01-01,1992
1992-02-01,1.0197152245345016,2.1,1992-02-01,1992
1992-03-01,1.0196078431372548,2.3,1992-03-01,1992
1992-04-01,1.0249187432286024,2.1,1992-04-01,1992
1992-05-01,1.019396551724138,2.1,1992-05-01,1992
1992-06-01,1.0238095238095237,2.0,1992-06-01,1992
1992-07-01,1.0162513542795233,2.0,1992-07-01,1992
1992-08-01,1.0172972972972973,2.2,1992-08-01,1992
1992-09-01,1.0204962243797195,2.2,1992-09-01,1992
1992-10-01,1.0096051227321237,2.2,1992-10-01,1992
1992-11-01,1.0074626865671643,2.2,1992-11-01,1992
1992-12-01,1.0117773019271947,2.2,1992-12-01,1992
1993-01-01,1.0128755364806867,2.4,1993-01-01,1993
1993-02-01,1.0150375939849625,2.4,1993-02-01,1993
1993-03-01,1.011752136752137,2.6,1993-03-01,1993
1993-04-01,1.0084566596194504,2.4,1993-04-01,1993
1993-05-01,1.0084566596194504,2.5,1993-05-01,1993
1993-06-01,1.0084566596194504,2.4,1993-06-01,1993
1993-07-01,1.019189765458422,2.4,1993-07-01,1993
1993-08-01,1.0191285866099895,2.5,1993-08-01,1993
1993-09-01,1.0147991543340382,2.6,1993-09-01,1993
1993-10-01,1.0137420718816068,2.6,1993-10-01,1993
1993-11-01,1.0095238095238095,2.6,1993-11-01,1993
1993-12-01,1.0095238095238095,2.6,1993-12-01,1993
1994-01-01,1.0116525423728813,2.8,1994-01-01,1994
1994-02-01,1.0105820105820107,3.0,1994-02-01,1994
1994-03-01,1.013727560718057,3.2,1994-03-01,1994
1994-04-01,1.0083857442348008,2.9,1994-04-01,1994
1994-05-01,1.0094339622641508,2.8,1994-05-01,1994
1994-06-01,1.0052410901467506,2.7,1994-06-01,1994
1994-07-01,0.9979079497907951,2.8,1994-07-01,1994
1994-08-01,1.0,3.0,1994-08-01,1994
1994-09-01,1.0020833333333334,3.0,1994-09-01,1994
1994-10-01,1.0072992700729926,3.0,1994-10-01,1994
1994-11-01,1.0094339622641508,2.8,1994-11-01,1994
1994-12-01,1.0073375262054507,2.7,1994-12-01,1994
1995-01-01,1.006282722513089,3.0,1995-01-01,1995
1995-02-01,1.0031413612565445,3.1,1995-02-01,1995
1995-03-01,0.9968750000000001,3.3,1995-03-01,1995
1995-04-01,0.9979209979209979,3.2,1995-04-01,1995
1995-05-01,0.9989615784008308,3.1,1995-05-01,1995
1995-06-01,1.0020855057351405,3.0,1995-06-01,1995
1995-07-01,1.0020964360587001,3.0,1995-07-01,1995
1995-08-01,0.9979144942648592,3.2,1995-08-01,1995
1995-09-01,1.001039501039501,3.2,1995-09-01,1995
1995-10-01,0.9937888198757765,3.2,1995-10-01,1995
1995-11-01,0.9937694704049845,3.3,1995-11-01,1995
1995-12-01,0.9958376690946931,3.2,1995-12-01,1995
1996-01-01,0.9947970863683663,3.5,1996-01-01,1996
1996-02-01,0.9958246346555324,3.4,1996-02-01,1996
1996-03-01,0.9989550679205851,3.5,1996-03-01,1996
1996-04-01,1.0020833333333334,3.5,1996-04-01,1996
1996-05-01,1.002079002079002,3.5,1996-05-01,1996
1996-06-01,1.0,3.3,1996-06-01,1996
1996-07-01,1.00418410041841,3.2,1996-07-01,1996
1996-08-01,1.0020898641588296,3.3,1996-08-01,1996
1996-09-01,1.0,3.3,1996-09-01,1996
1996-10-01,1.0052083333333333,3.4,1996-10-01,1996
1996-11-01,1.0052246603970743,3.2,1996-11-01,1996
1996-12-01,1.006269592476489,3.1,1996-12-01,1996
1997-01-01,1.0062761506276152,3.3,1997-01-01,1997
1997-02-01,1.0062893081761006,3.5,1997-02-01,1997
1997-03-01,1.0052301255230125,3.5,1997-03-01,1997
1997-04-01,1.0187110187110187,3.4,1997-04-01,1997
1997-05-01,1.0186721991701244,3.5,1997-05-01,1997
1997-06-01,1.0218522372528618,3.3,1997-06-01,1997
1997-07-01,1.01875,3.3,1997-07-01,1997
1997-08-01,1.0208550573514077,3.4,1997-08-01,1997
1997-09-01,1.023883696780893,3.5,1997-09-01,1997
1997-10-01,1.0248704663212436,3.5,1997-10-01,1997
1997-11-01,1.0207900207900207,3.4,1997-11-01,1997
1997-12-01,1.0176531671858775,3.2,1997-12-01,1997
1998-01-01,1.0176715176715176,3.6,1998-01-01,1998
1998-02-01,1.01875,3.7,1998-02-01,1998
1998-03-01,1.0218522372528618,4.1,1998-03-01,1998
1998-04-01,1.0040816326530613,4.3,1998-04-01,1998
1998-05-01,1.005091649694501,4.3,1998-05-01,1998
1998-06-01,1.0010183299389002,4.1,1998-06-01,1998
1998-07-01,0.9989775051124745,3.9,1998-07-01,1998
1998-08-01,0.9969356486210418,4.3,1998-08-01,1998
1998-09-01,0.9979716024340772,4.3,1998-09-01,1998
1998-10-01,1.0020222446916076,4.3,1998-10-01,1998
1998-11-01,1.0081466395112015,4.3,1998-11-01,1998
1998-12-01,1.0061224489795917,4.1,1998-12-01,1998
1999-01-01,1.0020429009193053,4.5,1999-01-01,1999
1999-02-01,0.9989775051124745,4.7,1999-02-01,1999
1999-03-01,0.9959266802443991,5.0,1999-03-01,1999
1999-04-01,0.9989837398373983,5.0,1999-04-01,1999
1999-05-01,0.9959473150962512,4.9,1999-05-01,1999
1999-06-01,0.9969481180061038,4.8,1999-06-01,1999
1999-07-01,0.998976458546571,4.7,1999-07-01,1999
1999-08-01,1.0030737704918034,4.7,1999-08-01,1999
1999-09-01,0.9979674796747967,4.6,1999-09-01,1999
1999-10-01,0.9929364278506561,4.6,1999-10-01,1999
1999-11-01,0.9878787878787878,4.4,1999-11-01,1999
1999-12-01,0.988843813387424,4.3,1999-12-01,1999
2000-01-01,0.9928644240570847,4.6,2000-01-01,2000
2000-02-01,0.9938587512794267,4.9,2000-02-01,2000
2000-03-01,0.9948875255623721,5.2,2000-03-01,2000
2000-04-01,0.9918616480162767,5.1,2000-04-01,2000
2000-05-01,0.9928789420142421,4.8,2000-05-01,2000
2000-06-01,0.9938775510204082,4.7,2000-06-01,2000
2000-07-01,0.9948770491803278,4.5,2000-07-01,2000
2000-08-01,0.9948927477017364,4.6,2000-08-01,2000
2000-09-01,0.9908350305498981,4.7,2000-09-01,2000
2000-10-01,0.9888211382113821,4.6,2000-10-01,2000
2000-11-01,0.9918200408997956,4.5,2000-11-01,2000
2000-12-01,0.9958974358974358,4.4,2000-12-01,2000
2001-01-01,0.9969199178644763,4.7,2001-01-01,2001
2001-02-01,0.9969104016477858,4.8,2001-02-01,2001
2001-03-01,0.9938335046248716,5.1,2001-03-01,2001
2001-04-01,0.9928205128205128,5.1,2001-04-01,2001
2001-05-01,0.9928278688524591,5.1,2001-05-01,2001
2001-06-01,0.9928131416837782,5.0,2001-06-01,2001
2001-07-01,0.9927909371781669,4.9,2001-07-01,2001
2001-08-01,0.9928131416837782,5.0,2001-08-01,2001
2001-09-01,0.9928057553956834,5.3,2001-09-01,2001
2001-10-01,0.9928057553956834,5.2,2001-10-01,2001
2001-11-01,0.990721649484536,5.2,2001-11-01,2001
2001-12-01,0.9886714727085479,5.0,2001-12-01,2001
2002-01-01,0.9866117404737385,5.2,2002-01-01,2002
2002-02-01,0.984504132231405,5.4,2002-02-01,2002
2002-03-01,0.9875904860392968,5.7,2002-03-01,2002
2002-04-01,0.9896694214876033,5.6,2002-04-01,2002
2002-05-01,0.9917440660474715,5.6,2002-05-01,2002
2002-06-01,0.9927611168562565,5.5,2002-06-01,2002
2002-07-01,0.9917012448132779,5.2,2002-07-01,2002
2002-08-01,0.9917269906928645,5.4,2002-08-01,2002
2002-09-01,0.9927536231884059,5.4,2002-09-01,2002
2002-10-01,0.9906832298136646,5.4,2002-10-01,2002
2002-11-01,0.9958376690946931,5.1,2002-11-01,2002
2002-12-01,0.9968750000000001,5.0,2002-12-01,2002
2003-01-01,0.9958246346555324,5.4,2003-01-01,2003
2003-02-01,0.9979013641133263,5.3,2003-02-01,2003
2003-03-01,0.9989528795811519,5.8,2003-03-01,2003
2003-04-01,0.9989561586638831,5.8,2003-04-01,2003
2003-05-01,0.9979188345473466,5.6,2003-05-01,2003
2003-06-01,0.9958333333333332,5.3,2003-06-01,2003
2003-07-01,0.9979079497907951,5.1,2003-07-01,2003
2003-08-01,0.9968717413972887,5.0,2003-08-01,2003
2003-09-01,0.9979144942648592,5.2,2003-09-01,2003
2003-10-01,1.0,5.1,2003-10-01,2003
2003-11-01,0.9947753396029259,5.0,2003-11-01,2003
2003-12-01,0.9958202716823406,4.5,2003-12-01,2003
2004-01-01,0.9968553459119496,4.9,2004-01-01,2004
2004-02-01,1.0,5.0,2004-02-01,2004
2004-03-01,0.9989517819706498,5.0,2004-03-01,2004
2004-04-01,0.9958202716823406,5.0,2004-04-01,2004
2004-05-01,0.9947862356621481,4.8,2004-05-01,2004
2004-06-01,1.0,4.6,2004-06-01,2004
2004-07-01,0.9989517819706498,4.8,2004-07-01,2004
2004-08-01,0.9979079497907951,4.7,2004-08-01,2004
2004-09-01,1.0,4.6,2004-09-01,2004
2004-10-01,1.0052246603970743,4.7,2004-10-01,2004
2004-11-01,1.0084033613445378,4.4,2004-11-01,2004
2004-12-01,1.0020986358866737,4.1,2004-12-01,2004
2005-01-01,1.0021030494216614,4.5,2005-01-01,2005
2005-02-01,0.9989484752891693,4.7,2005-02-01,2005
2005-03-01,1.0,4.8,2005-03-01,2005
2005-04-01,1.0010493179433368,4.7,2005-04-01,2005
2005-05-01,1.00104821802935,4.6,2005-05-01,2005
2005-06-01,0.9947698744769874,4.2,2005-06-01,2005
2005-07-01,0.9968520461699896,4.3,2005-07-01,2005
2005-08-01,0.9968553459119496,4.2,2005-08-01,2005
2005-09-01,0.9968652037617555,4.2,2005-09-01,2005
2005-10-01,0.9916839916839917,4.5,2005-10-01,2005
2005-11-01,0.9895833333333334,4.4,2005-11-01,2005
2005-12-01,0.9958115183246072,4.0,2005-12-01,2005
2006-01-01,0.9989506820566633,4.5,2006-01-01,2006
2006-02-01,0.9989473684210527,4.2,2006-02-01,2006
2006-03-01,0.9979013641133263,4.4,2006-03-01,2006
2006-04-01,0.9989517819706498,4.3,2006-04-01,2006
2006-05-01,1.001047120418848,4.1,2006-05-01,2006
2006-06-01,1.0052576235541535,4.1,2006-06-01,2006
2006-07-01,1.003157894736842,4.0,2006-07-01,2006
2006-08-01,1.0094637223974765,4.1,2006-08-01,2006
2006-09-01,1.0062893081761006,4.2,2006-09-01,2006
2006-10-01,1.0041928721174003,4.2,2006-10-01,2006
2006-11-01,1.003157894736842,3.9,2006-11-01,2006
2006-12-01,1.0031545741324923,3.7,2006-12-01,2006
2007-01-01,1.0,4.0,2007-01-01,2007
2007-02-01,0.9978925184404636,4.1,2007-02-01,2007
2007-03-01,0.9989484752891693,4.2,2007-03-01,2007
2007-04-01,1.0,4.0,2007-04-01,2007
2007-05-01,1.0,3.8,2007-05-01,2007
2007-06-01,0.9979079497907951,3.6,2007-06-01,2007
2007-07-01,1.0,3.5,2007-07-01,2007
2007-08-01,0.9979166666666667,3.7,2007-08-01,2007
2007-09-01,0.9979166666666667,4.0,2007-09-01,2007
2007-10-01,1.0020876826722338,4.0,2007-10-01,2007
2007-11-01,1.006295907660021,3.7,2007-11-01,2007
2007-12-01,1.0062893081761006,3.5,2007-12-01,2007
2008-01-01,1.0073529411764706,3.9,2008-01-01,2008
2008-02-01,1.010559662090813,4.1,2008-02-01,2008
2008-03-01,1.011578947368421,4.1,2008-03-01,2008
2008-04-01,1.007345225603358,4.1,2008-04-01,2008
2008-05-01,1.0125523012552302,4.0,2008-05-01,2008
2008-06-01,1.019916142557652,3.9,2008-06-01,2008
2008-07-01,1.0230849947534104,3.8,2008-07-01,2008
2008-08-01,1.0208768267223383,4.1,2008-08-01,2008
2008-09-01,1.0208768267223383,4.1,2008-09-01,2008
2008-10-01,1.0177083333333334,3.8,2008-10-01,2008
2008-11-01,1.0093847758081333,3.9,2008-11-01,2008
2008-12-01,1.0041666666666667,4.1,2008-12-01,2008
2009-01-01,1.0,4.2,2009-01-01,2009
2009-02-01,0.9989550679205851,4.6,2009-02-01,2009
2009-03-01,0.9979188345473466,5.1,2009-03-01,2009
2009-04-01,1.0,5.2,2009-04-01,2009
2009-05-01,0.9896694214876033,5.2,2009-05-01,2009
2009-06-01,0.9825282631038026,5.2,2009-06-01,2009
2009-07-01,0.9774358974358974,5.4,2009-07-01,2009
2009-08-01,0.9775051124744376,5.4,2009-08-01,2009
2009-09-01,0.9775051124744376,5.5,2009-09-01,2009
2009-10-01,0.9744114636642784,5.2,2009-10-01,2009
2009-11-01,0.981404958677686,5.0,2009-11-01,2009
2009-12-01,0.983402489626556,4.8,2009-12-01,2009
2010-01-01,0.9895724713242962,4.9,2010-01-01,2010
2010-02-01,0.9926778242677825,5.0,2010-02-01,2010
2010-03-01,0.9916579770594368,5.3,2010-03-01,2010
2010-04-01,0.990625,5.4,2010-04-01,2010
2010-05-01,0.9926931106471816,5.2,2010-05-01,2010
2010-06-01,0.9926778242677825,5.2,2010-06-01,2010
2010-07-01,0.9905561385099686,5.0,2010-07-01,2010
2010-08-01,0.9884937238493724,5.1,2010-08-01,2010
2010-09-01,0.9905857740585775,5.1,2010-09-01,2010
2010-10-01,0.9978991596638656,5.0,2010-10-01,2010
2010-11-01,0.996842105263158,4.8,2010-11-01,2010
2010-12-01,0.9968354430379747,4.6,2010-12-01,2010
2011-01-01,0.9947312961011591,4.8,2011-01-01,2011
2011-02-01,0.9947312961011591,4.6,2011-02-01,2011
2011-03-01,0.9947423764458465,4.9,2011-03-01,2011
2011-04-01,0.9957939011566773,5.0,2011-04-01,2011
2011-05-01,0.9957939011566773,4.7,2011-05-01,2011
2011-06-01,0.9968387776606954,4.7,2011-06-01,2011
2011-07-01,1.0021186440677965,4.7,2011-07-01,2011
2011-08-01,1.0021164021164022,4.5,2011-08-01,2011
2011-09-01,1.0,4.2,2011-09-01,2011
2011-10-01,0.9978947368421053,4.4,2011-10-01,2011
2011-11-01,0.9947201689545935,4.3,2011-11-01,2011
2011-12-01,0.9978835978835978,4.2,2011-12-01,2011
2012-01-01,1.0010593220338981,4.5,2012-01-01,2012
2012-02-01,1.0031779661016949,4.4,2012-02-01,2012
2012-03-01,1.0052854122621564,4.7,2012-03-01,2012
2012-04-01,1.0052798310454065,4.8,2012-04-01,2012
2012-05-01,1.0021119324181627,4.5,2012-05-01,2012
2012-06-01,0.9978858350951375,4.4,2012-06-01,2012
2012-07-01,0.9947145877378436,4.4,2012-07-01,2012
2012-08-01,0.9957761351636747,4.2,2012-08-01,2012
2012-09-01,0.9968321013727561,4.2,2012-09-01,2012
2012-10-01,0.9957805907172996,4.1,2012-10-01,2012
2012-11-01,0.9989384288747345,4.0,2012-11-01,2012
2012-12-01,0.9978791092258749,4.0,2012-12-01,2012
2013-01-01,0.9968253968253968,4.2,2013-01-01,2013
2013-02-01,0.9926082365364308,4.2,2013-02-01,2013
2013-03-01,0.9905362776025237,4.3,2013-03-01,2013
2013-04-01,0.9926470588235293,4.4,2013-04-01,2013
2013-05-01,0.9968387776606954,4.2,2013-05-01,2013
2013-06-01,1.0021186440677965,3.9,2013-06-01,2013
2013-07-01,1.0074388947927737,3.9,2013-07-01,2013
2013-08-01,1.0084835630965006,4.1,2013-08-01,2013
2013-09-01,1.0105932203389831,3.9,2013-09-01,2013
2013-10-01,1.0116525423728813,4.0,2013-10-01,2013
2013-11-01,1.0148777895855474,3.8,2013-11-01,2013
2013-12-01,1.0159404888416579,3.4,2013-12-01,2013
2014-01-01,1.01380042462845,3.7,2014-01-01,2014
2014-02-01,1.0159574468085106,3.6,2014-02-01,2014
2014-03-01,1.015923566878981,3.8,2014-03-01,2014
2014-04-01,1.0338624338624338,3.9,2014-04-01,2014
2014-05-01,1.0369978858350952,3.6,2014-05-01,2014
2014-06-01,1.0359408033826638,3.7,2014-06-01,2014
2014-07-01,1.0348101265822784,3.8,2014-07-01,2014
2014-08-01,1.0336487907465826,3.5,2014-08-01,2014
2014-09-01,1.0324947589098532,3.5,2014-09-01,2014
2014-10-01,1.0282722513089007,3.5,2014-10-01,2014
2014-11-01,1.0251308900523561,3.3,2014-11-01,2014
2014-12-01,1.024058577405858,3.2,2014-12-01,2014
2015-01-01,1.024083769633508,3.5,2015-01-01,2015
2015-02-01,1.0219895287958114,3.5,2015-02-01,2015
2015-03-01,1.0229885057471264,3.5,2015-03-01,2015
2015-04-01,1.0071647901740022,3.6,2015-04-01,2015
2015-05-01,1.0061162079510704,3.4,2015-05-01,2015
2015-06-01,1.0040816326530613,3.4,2015-06-01,2015
2015-07-01,1.0020387359836902,3.4,2015-07-01,2015
2015-08-01,1.0010172939979656,3.4,2015-08-01,2015
2015-09-01,1.0,3.4,2015-09-01,2015
2015-10-01,1.0030549898167005,3.1,2015-10-01,2015
2015-11-01,1.0020429009193053,3.2,2015-11-01,2015
2015-12-01,1.0020429009193053,3.1,2015-12-01,2015
2016-01-01,0.9989775051124745,3.2,2016-01-01,2016
2016-02-01,1.0020491803278688,3.2,2016-02-01,2016
2016-03-01,1.0,3.3,2016-03-01,2016
2016-04-01,0.996951219512195,3.4,2016-04-01,2016
2016-05-01,0.9949341438703141,3.2,2016-05-01,2016
2016-06-01,0.996951219512195,3.1,2016-06-01,2016
2016-07-01,0.9959308240081385,3.0,2016-07-01,2016
2016-08-01,0.9949186991869918,3.2,2016-08-01,2016
2016-09-01,0.9949238578680203,3.0,2016-09-01,2016
2016-10-01,1.0010152284263958,2.9,2016-10-01,2016
2016-11-01,1.0050968399592253,3.0,2016-11-01,2016
2016-12-01,1.0030581039755353,2.9,2016-12-01,2016
2017-01-01,1.0051177072671442,3.0,2017-01-01,2017
2017-02-01,1.0030674846625767,2.8,2017-02-01,2017
2017-03-01,1.0020429009193053,2.8,2017-03-01,2017
2017-04-01,1.0040774719673802,2.9,2017-04-01,2017
2017-05-01,1.0040733197556007,3.1,2017-05-01,2017
2017-06-01,1.0040774719673802,2.8,2017-06-01,2017
2017-07-01,1.0040858018386107,2.8,2017-07-01,2017
2017-08-01,1.0061287027579162,2.8,2017-08-01,2017
2017-09-01,1.0081632653061223,2.8,2017-09-01,2017
2017-10-01,1.002028397565923,2.7,2017-10-01,2017
2017-11-01,1.0050709939148073,2.6,2017-11-01,2017
2017-12-01,1.0101626016260163,2.6,2017-12-01,2017
2018-01-01,1.0132382892057026,2.4,2018-01-01,2018
2018-02-01,1.014271151885831,2.5,2018-02-01,2018
2018-03-01,1.0112130479102956,2.5,2018-03-01,2018
2018-04-01,1.0060913705583756,2.6,2018-04-01,2018
2018-05-01,1.0070993914807302,2.3,2018-05-01,2018
2018-06-01,1.0071065989847716,2.5,2018-06-01,2018
2018-07-01,1.0091556459816888,2.5,2018-07-01,2018
2018-08-01,1.0131979695431472,2.5,2018-08-01,2018
2018-09-01,1.0111336032388665,2.4,2018-09-01,2018
2018-10-01,1.01417004048583,2.4,2018-10-01,2018
2018-11-01,1.0090817356205852,2.4,2018-11-01,2018
2018-12-01,1.0030181086519114,2.3,2018-12-01,2018
2019-01-01,1.0020100502512563,2.4,2019-01-01,2019
2019-02-01,1.0020100502512563,2.3,2019-02-01,2019
2019-03-01,1.0050403225806452,2.5,2019-03-01,2019
2019-04-01,1.0090817356205852,2.6,2019-04-01,2019
2019-05-01,1.0070493454179255,2.4,2019-05-01,2019
2019-06-01,1.0060483870967742,2.3,2019-06-01,2019
2019-07-01,1.0060483870967742,2.3,2019-07-01,2019
2019-08-01,1.0020040080160322,2.3,2019-08-01,2019
2019-09-01,1.002002002002002,2.4,2019-09-01,2019
2019-10-01,1.001996007984032,2.4,2019-10-01,2019
2019-11-01,1.005,2.2,2019-11-01,2019
2019-12-01,1.00802407221665,2.1,2019-12-01,2019
2020-01-01,1.00802407221665,2.3,2020-01-01,2020
2020-02-01,1.0060180541624875,2.3,2020-02-01,2020
2020-03-01,1.0060180541624875,2.6,2020-03-01,2020
2020-04-01,1.002,2.8,2020-04-01,2020
2020-05-01,1.001,2.9,2020-05-01,2020
2020-06-01,1.001002004008016,2.8,2020-06-01,2020
2020-07-01,1.0020040080160322,2.9,2020-07-01,2020
2020-08-01,1.001,3.0,2020-08-01,2020
2020-09-01,0.9980019980019981,3.0,2020-09-01,2020
2020-10-01,0.99402390438247,3.1,2020-10-01,2020
2020-11-01,0.9900497512437811,2.8,2020-11-01,2020
2020-12-01,0.9880597014925373,2.8,2020-12-01,2020
2021-01-01,0.9930348258706467,2.9,2021-01-01,2021
2021-02-01,0.9950149551345963,2.8,2021-02-01,2021
2021-03-01,0.996011964107677,2.7,2021-03-01,2021
2021-04-01,0.9890219560878243,3.0,2021-04-01,2021
2021-05-01,0.9930069930069931,3.1,2021-05-01,2021
2021-06-01,0.995995995995996,3.0,2021-06-01,2021
2021-07-01,0.997,2.8,2021-07-01,2021
2021-08-01,0.9960039960039961,2.8,2021-08-01,2021
2021-09-01,1.002002002002002,2.8,2021-09-01,2021
2021-10-01,1.001002004008016,2.7,2021-10-01,2021
2021-11-01,1.0060301507537688,2.7,2021-11-01,2021
2021-12-01,1.0080563947633434,2.5,2021-12-01,2021
2022-01-01,1.0050100200400802,2.7,2022-01-01,2022
2022-02-01,1.0090180360721444,2.6,2022-02-01,2022
2022-03-01,1.012012012012012,2.6,2022-03-01,2022
2022-04-01,1.024217961654894,2.7,2022-04-01,2022
2022-05-01,1.0241448692152917,2.8,2022-05-01,2022
2022-06-01,1.0231155778894472,2.7,2022-06-01,2022
2022-07-01,1.0260782347041122,2.5,2022-07-01,2022
2022-08-01,1.0300902708124373,2.6,2022-08-01,2022
2022-09-01,1.02997002997003,2.7,2022-09-01,2022
2022-10-01,1.038038038038038,2.6,2022-10-01,2022
2022-11-01,1.037962037962038,2.4,2022-11-01,2022
2022-12-01,1.03996003996004,2.3,2022-12-01,2022
2023-01-01,1.0438683948155534,2.4,2023-01-01,2023
2023-02-01,1.0327706057596822,2.5,2023-02-01,2023
2023-03-01,1.0326409495548963,2.8,2023-03-01,2023
2023-04-01,1.0354679802955664,2.7,2023-04-01,2023
